{
  "n_clusters": 1,
  "grid_size": [
    3,
    3
  ],
  "quantization_error": 0.1,
  "topographic_error": 0.05,
  "cluster_statistics": {
    "3": {
      "count": 10,
      "percentage": 100.0,
      "mean": [
        0.5735926591675728,
        0.45973555222242546,
        0.43834177597250024
      ],
      "std": [
        0.3331918202623487,
        0.32821746013976005,
        0.28197289836472283
      ],
      "min": [
        0.045227288910538066,
        0.07404465173409036,
        0.005522117123602399
      ],
      "max": [
        0.9394989415641891,
        0.8948273504276488,
        0.9868869366005173
      ]
    }
  },
  "empty_neurons": 8,
  "cluster_balance": 0.0
}