{
  "n_clusters": 6,
  "grid_size": [
    3,
    3
  ],
  "quantization_error": 0.1,
  "topographic_error": 0.05,
  "cluster_statistics": {
    "0": {
      "count": 2,
      "percentage": 20.0,
      "mean": [
        0.44181861518432347,
        0.36785081198710684,
        0.5085693169055496
      ],
      "std": [
        0.3406334103233644,
        0.18308093393770125,
        0.19182834610587002
      ],
      "min": [
        0.10118520486095905,
        0.1847698780494056,
        0.31674097079967956
      ],
      "max": [
        0.7824520255076879,
        0.5509317459248081,
        0.7003976630114196
      ]
    },
    "1": {
      "count": 2,
      "percentage": 20.0,
      "mean": [
        0.48940731696770323,
        0.19326570320944564,
        0.4175949763992198
      ],
      "std": [
        0.36500510406070075,
        0.11844804410969362,
        0.2376415976489739
      ],
      "min": [
        0.12440221290700249,
        0.07481765909975202,
        0.17995337875024586
      ],
      "max": [
        0.854412421028404,
        0.31171374731913926,
        0.6552365740481937
      ]
    },
    "2": {
      "count": 1,
      "percentage": 10.0,
      "mean": [
        0.5061013157973453,
        0.5828816552473596,
        0.5583145673274953
      ],
      "std": [
        0.0,
        0.0,
        0.0
      ],
      "min": [
        0.5061013157973453,
        0.5828816552473596,
        0.5583145673274953
      ],
      "max": [
        0.5061013157973453,
        0.5828816552473596,
        0.5583145673274953
      ]
    },
    "4": {
      "count": 3,
      "percentage": 30.0,
      "mean": [
        0.5093554554345422,
        0.38566976540830716,
        0.05515978884540743
      ],
      "std": [
        0.2749992515188464,
        0.23995744203335514,
        0.029518716719431203
      ],
      "min": [
        0.14623631932447934,
        0.10433970284341332,
        0.016538110511026494
      ],
      "max": [
        0.8115187226322609,
        0.6906801887883458,
        0.08819310691109683
      ]
    },
    "7": {
      "count": 1,
      "percentage": 10.0,
      "mean": [
        0.9710290380367822,
        0.5306526916459933,
        0.6086709172730648
      ],
      "std": [
        0.0,
        0.0,
        0.0
      ],
      "min": [
        0.9710290380367822,
        0.5306526916459933,
        0.6086709172730648
      ],
      "max": [
        0.9710290380367822,
        0.5306526916459933,
        0.6086709172730648
      ]
    },
    "8": {
      "count": 1,
      "percentage": 10.0,
      "mean": [
        0.02291384597261925,
        0.7130854403951699,
        0.6450239645489614
      ],
      "std": [
        0.0,
        0.0,
        0.0
      ],
      "min": [
        0.02291384597261925,
        0.7130854403951699,
        0.6450239645489614
      ],
      "max": [
        0.02291384597261925,
        0.7130854403951699,
        0.6450239645489614
      ]
    }
  },
  "empty_neurons": 3,
  "cluster_balance": 0.4472135954999579
}