{
  "n_clusters": 1,
  "grid_size": [
    3,
    3
  ],
  "quantization_error": 0.1,
  "topographic_error": 0.05,
  "cluster_statistics": {
    "0": {
      "count": 10,
      "percentage": 100.0,
      "mean": [
        0.41701834564261697,
        0.36094764560978454,
        0.5058714118017016
      ],
      "std": [
        0.3010649530679592,
        0.24983638309134512,
        0.30173049431618093
      ],
      "min": [
        0.032824378475239,
        0.010019555086010268,
        0.050266679865269226
      ],
      "max": [
        0.8463182352829881,
        0.739642651666481,
        0.9939731191736949
      ]
    }
  },
  "empty_neurons": 8,
  "cluster_balance": 0.0
}